Id,Name ,URL,Source
281,male salons,,1
281,salons,,1
281,best male salons,,1
281,male salon in mall,,1
281,hair salons,,1
281,best salons,,1
281,hair salons in mall,,1
281,best hair salons,,1
281,salons in mall,,1
281,top salons,,1
281,beauty salons,,1
281,good salons,,1
281,good hair salons,,1
281,top male salons,,1
281,affordable hair salons,,1
281,curly hair salons,,1
281,cheap salons,,1
281,unisex salons,,1
281,ladies salons,,1
281,best beauty salons,,1
281,best salons for hair,,1
281,men salons,,1
281,salons near me,,1
281,hair salons near me,,1
281,salons nearby,,1
281,beauty salons,,1
281,ladies hair salon near me,,1
281,women salons near me,,1
281,beauty salons near me,,1
281,best hair salons near me,,1
281,cheap salons near me,,1
281,best salons near me,,1
281,tanning salons near me,,1
281,nearby salons,,1
281,salons around me,,1
281,salons open near me,,1
281,cheap hair salons near me,,1
281,best fashion salons,,1
281,top beauty salons,,1
281,best ladies salons,,1
281,best hair cut salons,,1
281,affordable salons,,1
281,hair stylish,,1
281,hair styling,,1
281,hair styling services,,1
281,barber shops,,1
281,hairdresser,,1
281,hair cut near me,,1
281,hairdresser near me,,1
281,beauty parlour near me,,1
281,salon services near me,,1
281,parlour near me,,1
281,tanning salons near me,,1
281,hair extension near me,,1
281,bridal salons near me,,1
281,best unisex salon ",,1
281,beauty salons,,1
281,beauty salons near me,,1
281,best beauty salons near me,,1
281,good beauty salons,,1
281,best beauty salons,,1
281,beauty salons for ladies,,1
281,beauty salons,,1
281,cheap beauty salons,,1
281,cheap beauty salons near me,,1
281,beauty salon near me,,1
281,ladies beauty salon,,1
281,nearest beauty salon,,1
281,hair salon near me,,1
281,beauty parlour,,1
281,beauty parlour near me,,1
281,best hair salon,,1
281,best makeup,,1
281,hair and beauty,,1
281,ladies salon near me,,1
281,parlour near me,,1
281,best beauty parlour,,1
281,beautician near me,,1
281,cheap hair salon,,1
281,cheap beauty parlour,,1
281,nails and beauty,,1
281,salon services,,1
281,affordable salon,,1
281,best nail salon near me,,1
281,makeup salon,,1
281,makeup salon near me,,1
281,hair and makeup salon,,1
281,beauty studio,,1
281,makeup parlour,,1
281,bridal makeup,,1
281,best bridal makeup,,1
281,makeup studios,,1
281,makeup and hairstyle,,1
281,bridal makeup salon,,1
281,makeover parlour,,1
281,party makeup salon,,1
281,hair and makeup stylist,,1
281,makeup,,1
281,makeup studio,,1
281,makeup studio near me,,1
281,makeup salon,,1
281,bridal salon,,1
281,beauty services,,1
281,beauticians,,1
281,facial salon,,1
281,ladies parlour,,1
281,best parlour near me,,1
281,best makeup salon,,1
284,cosmetics store,,1
284,cosmetics store near me,,1
284,online cosmetics store,,1
284,e.l.f. cosmetics store,,1
284,elf cosmetics store,,1
284,best makeup,,1
284,best cosmetics shop,,1
284,nearby cosmetics shop,,1
284,makeup stores near me,,1
284,buy makeup,,1
284,buy cosmetics,,1
284,best cosmetics store,,1
284,hd makeup shop,,1
284,eye makeup store,,1
284,eye brow makeup shop,,1
284,makeup near me,,1
284,makeup shop,,1
284,makeup shop near me,,1
284,cosmetics shop,,1
284,cosmetic shop near me,,1
284,makeup store,,1
284,make up shop,,1
284,online makeup stores,,1
284,makeup stores,,1
284,cheap makeup,,1
284,cheap makeup store,,1
284,beauty and cosmetics shop,,1
284,buy cosmetics online,,1
284,makeup outlet,,1
284,cosmetics near me,,1
284,buy makeup online,,1
284,makeup kits shop,,1
284,makeup shop,,1
284,makeup brushes store,,1
284,eyeshadow shop,,1
284,palette store,,1
284,buy eyeliner,,1
284,concealer,,1
284,eye makeup,,1
284,makeup boxes,,1
284,colorful palette,,1
284,makeup set,,1
284,blush,,1
284,foundation,,1
284,contouring,,1
284,primer,,1
284,makeup products,,1
284,nude makeup,,1
284,compact powder,,1
284,beauty blender,,1
284,shop for makeup,,1
284,shop for cosmetics,,1
284,makeup palettes,,1
284,makeup remover,,1
284,lip makeup,,1
284,lipstick,,1
284,face makeup shop,,1
284,face cosmetics shop,,1
284,body makeup store,,1
284,beauty shopping,,1
284,cosmetics company store,,1
284,beauty boutique,,1
284,best beauty buys,,1
284,beauty products,,1
284,makeup products,,1
284,cheap cosmetics,,1
284,cosmetics market,,1
284,duty free makeup,,1
284,cosmetics wholesale market,,1
290,Massage Centers,,1
282,spa massage,,1
282,beach resort and spa,,1
282,men spa,,1
282,relax spa,,1
282,spa for men,,1
282,massage in spa,,1
282,best spa,,1
282,foot spa,,1
282,gents spa,,1
282,male spa,,1
282,Russian spa,,1
282,near spa,,1
282,spa near me open now,,1
282,massage and spa,,1
282,nearest spa,,1
282,gent spa,,1
282,Russian spa near me,,1
282,spa for men,,1
282,spa men,,1
282,best spa,,1
282,spa service,,1
282,best spa service,,1
282,hotel with spa,,1
282,spa hotel,,1
282,couple spa,,1
282,best couple spa,,1
282,best couples spa,,1
282,couples spa,,1
282,best massage spa,,1
282,Thai spa,,1
282,luxury spa,,1
282,cheapest spa,,1
282,best luxury spa,,1
282,hair spa,,1
282,cheap spa,,1
282,good spa,,1
282,affordable spa,,1
282,beauty spa,,1
282,nail spa,,1
282,spa hotels,,1
282,5 star spa,,1
282,five star spa,,1
282,Korean spa,,1
282,best Thai spa,,1
282,body to body spa,,1
282,spa near me,,1
282,kids spa,,1
282,best Indian spa,,1
282,fish spa,,1
282,best moroccan spa,,1
282,spa in wellness centers,,1
282,best spa in wellness center,,1
282,nearby spa center,,1
282,spa center near me,,1
282,massage centers,,1
282,medical spa,,1
282,sauna spa,,1
282,jacuzzi,,1
282,hot tub spa,,1
282,steam spa,,1
282,couples massage,,1
282,body massage spa near me,,1
282,facial treatment,,1
282,foot spa near me,,1
282,float spa,,1
282,royal spa,,1
282,hammam spa,,1
282,prenatal massage,,1
318,Perfume Stores,,1
